"STATION","ELEMENT","DT","VAL","FLAG","QUALITY"
"0-20000-0-11406","Fmax","2026/03/24 06:50:00",0.8,,
"0-20000-0-11406","SRA1H","2026/03/24 07:00:00",0,,
"0-20000-0-11406","T","2026/03/24 06:50:00",-0.2,,
"0-20000-0-11414","Fmax","2026/03/24 06:50:00",0.9,,
"0-20000-0-11414","SRA1H","2026/03/24 07:00:00",0,,
"0-20000-0-11414","T","2026/03/24 06:50:00",3.2,,
"0-20000-0-11423","Fmax","2026/03/24 06:50:00",3.5,,
"0-20000-0-11423","SRA1H","2026/03/24 07:00:00",0,,
"0-20000-0-11423","T","2026/03/24 06:50:00",5.1,,
"0-20000-0-11433","Fmax","2026/03/24 06:50:00",1.2,,
"0-20000-0-11433","SRA1H","2026/03/24 07:00:00",0,,
"0-20000-0-11433","T","2026/03/24 06:50:00",2.8,,
"0-20000-0-11438","Fmax","2026/03/24 06:50:00",3.2,,
"0-20000-0-11438","SRA1H","2026/03/24 07:00:00",0,,
"0-20000-0-11438","T","2026/03/24 06:50:00",5,,
"0-20000-0-11450","Fmax","2026/03/24 06:50:00",1.7,,
"0-20000-0-11450","SRA1H","2026/03/24 07:00:00",0,,
"0-20000-0-11450","T","2026/03/24 06:50:00",0.9,,
"0-20000-0-11457","Fmax","2026/03/24 06:50:00",2.5,,
"0-20000-0-11457","SRA1H","2026/03/24 07:00:00",0,,
"0-20000-0-11457","T","2026/03/24 06:50:00",1.5,,
"0-20000-0-11464","Fmax","2026/03/24 06:50:00",3.9,,
"0-20000-0-11464","SRA1H","2026/03/24 07:00:00",0,,
"0-20000-0-11464","T","2026/03/24 06:50:00",5.7,,
"0-20000-0-11487","Fmax","2026/03/24 06:50:00",2.6,,
"0-20000-0-11487","SRA1H","2026/03/24 07:00:00",0,,
"0-20000-0-11487","T","2026/03/24 06:50:00",3.7,,
"0-20000-0-11502","Fmax","2026/03/24 06:50:00",1.5,,
"0-20000-0-11502","SRA1H","2026/03/24 07:00:00",0,,
"0-20000-0-11502","T","2026/03/24 06:50:00",5,,
"0-20000-0-11509","Fmax","2026/03/24 06:50:00",0.7,,
"0-20000-0-11509","SRA1H","2026/03/24 07:00:00",0,,
"0-20000-0-11509","T","2026/03/24 06:50:00",3.5,,
"0-20000-0-11518","Fmax","2026/03/24 06:50:00",5.7,,
"0-20000-0-11518","SRA1H","2026/03/24 07:00:00",0,,
"0-20000-0-11518","T","2026/03/24 06:50:00",3.7,,
"0-20000-0-11519","Fmax","2026/03/24 06:50:00",3.2,,
"0-20000-0-11519","SRA1H","2026/03/24 07:00:00",0,,
"0-20000-0-11519","T","2026/03/24 06:50:00",3,,
"0-20000-0-11520","Fmax","2026/03/24 06:50:00",2.7,,
"0-20000-0-11520","SRA1H","2026/03/24 07:00:00",0,,
"0-20000-0-11520","T","2026/03/24 06:50:00",2.5,,
"0-20000-0-11538","Fmax","2026/03/24 06:50:00",2.5,,
"0-20000-0-11538","SRA1H","2026/03/24 07:00:00",0,,
"0-20000-0-11538","T","2026/03/24 06:50:00",2.5,,
"0-20000-0-11546","Fmax","2026/03/24 06:50:00",1.2,,
"0-20000-0-11546","SRA1H","2026/03/24 07:00:00",0,,
"0-20000-0-11546","T","2026/03/24 06:50:00",3.5,,
"0-20000-0-11567","Fmax","2026/03/24 06:50:00",4.5,,
"0-20000-0-11567","SRA1H","2026/03/24 07:00:00",0,,
"0-20000-0-11567","T","2026/03/24 06:50:00",3.9,,
"0-20000-0-11603","Fmax","2026/03/24 06:50:00",2.2,,
"0-20000-0-11603","SRA1H","2026/03/24 07:00:00",0,,
"0-20000-0-11603","T","2026/03/24 06:50:00",4.6,,
"0-20000-0-11609","Fmax","2026/03/24 06:40:00",0,,
"0-20000-0-11609","SRA1H","2026/03/24 07:00:00",0,,
"0-20000-0-11609","T","2026/03/24 06:50:00",2.9,,
"0-20000-0-11624","Fmax","2026/03/24 06:50:00",1.9,,
"0-20000-0-11624","SRA1H","2026/03/24 07:00:00",0,,
"0-20000-0-11624","T","2026/03/24 06:50:00",3,,
"0-20000-0-11628","Fmax","2026/03/24 06:50:00",2.7,,
"0-20000-0-11628","SRA1H","2026/03/24 07:00:00",0,,
"0-20000-0-11628","T","2026/03/24 06:50:00",2.8,,
"0-20000-0-11636","Fmax","2026/03/24 06:50:00",1.2,,
"0-20000-0-11636","SRA1H","2026/03/24 07:00:00",0,,
"0-20000-0-11636","T","2026/03/24 06:50:00",4,,
"0-20000-0-11643","Fmax","2026/03/24 06:50:00",1.4,,
"0-20000-0-11643","SRA1H","2026/03/24 07:00:00",0,,
"0-20000-0-11643","T","2026/03/24 06:50:00",1.6,,
"0-20000-0-11652","Fmax","2026/03/24 06:50:00",1.7,,
"0-20000-0-11652","SRA1H","2026/03/24 07:00:00",0,,
"0-20000-0-11652","T","2026/03/24 06:50:00",2.1,,
"0-20000-0-11653","Fmax","2026/03/24 06:50:00",4.4,,
"0-20000-0-11653","T","2026/03/24 06:50:00",-3.1,,
"0-20000-0-11659","Fmax","2026/03/24 06:50:00",1.1,,
"0-20000-0-11659","SRA1H","2026/03/24 07:00:00",0,,
"0-20000-0-11659","T","2026/03/24 06:50:00",2.5,,
"0-20000-0-11669","Fmax","2026/03/24 06:50:00",2.6,,
"0-20000-0-11669","SRA1H","2026/03/24 07:00:00",0,,
"0-20000-0-11669","T","2026/03/24 06:50:00",5.7,,
"0-20000-0-11679","Fmax","2026/03/24 06:50:00",1.5,,
"0-20000-0-11679","SRA1H","2026/03/24 07:00:00",0,,
"0-20000-0-11679","T","2026/03/24 06:50:00",1.4,,
"0-20000-0-11683","Fmax","2026/03/24 06:50:00",2.4,,
"0-20000-0-11683","SRA1H","2026/03/24 07:00:00",0,,
"0-20000-0-11683","T","2026/03/24 06:50:00",6.6,,
"0-20000-0-11692","Fmax","2026/03/24 06:50:00",3.8,,
"0-20000-0-11692","SRA1H","2026/03/24 07:00:00",0,,
"0-20000-0-11692","T","2026/03/24 06:50:00",6.3,,
"0-20000-0-11693","Fmax","2026/03/24 06:50:00",5.9,,
"0-20000-0-11693","SRA1H","2026/03/24 07:00:00",0,,
"0-20000-0-11693","T","2026/03/24 06:50:00",7.7,,
"0-20000-0-11698","Fmax","2026/03/24 06:50:00",2.5,,
"0-20000-0-11698","SRA1H","2026/03/24 07:00:00",0,,
"0-20000-0-11698","T","2026/03/24 06:50:00",7.3,,
"0-20000-0-11710","Fmax","2026/03/24 06:50:00",2.9,,
"0-20000-0-11710","SRA1H","2026/03/24 07:00:00",0,,
"0-20000-0-11710","T","2026/03/24 06:50:00",8,,
"0-20000-0-11723","Fmax","2026/03/24 06:50:00",1.7,,
"0-20000-0-11723","SRA1H","2026/03/24 07:00:00",0,,
"0-20000-0-11723","T","2026/03/24 06:50:00",6.2,,
"0-20000-0-11730","SRA1H","2026/03/24 07:00:00",0,,
"0-20000-0-11730","T","2026/03/24 06:50:00",2.3,,
"0-20000-0-11747","Fmax","2026/03/24 06:50:00",1.2,,
"0-20000-0-11747","SRA1H","2026/03/24 07:00:00",0,,
"0-20000-0-11747","T","2026/03/24 06:50:00",5.9,,
"0-20000-0-11766","Fmax","2026/03/24 06:50:00",2.2,,
"0-20000-0-11766","SRA1H","2026/03/24 07:00:00",0,,
"0-20000-0-11766","T","2026/03/24 06:50:00",8.2,,
"0-20000-0-11774","Fmax","2026/03/24 06:50:00",1.7,,
"0-20000-0-11774","SRA1H","2026/03/24 07:00:00",0,,
"0-20000-0-11774","T","2026/03/24 06:50:00",5.6,,
"0-20000-0-11782","Fmax","2026/03/24 06:50:00",3.5,,
"0-20000-0-11782","SRA1H","2026/03/24 07:00:00",0,,
"0-20000-0-11782","T","2026/03/24 06:50:00",5.5,,
"0-20000-0-11787","Fmax","2026/03/24 06:50:00",3,,
"0-20000-0-11787","SRA1H","2026/03/24 07:00:00",0,,
"0-20000-0-11787","T","2026/03/24 06:50:00",2.3,,
"0-20000-0-11791","Fmax","2026/03/24 06:50:00",1.9,,
"0-20000-0-11791","SRA1H","2026/03/24 07:00:00",0,,
"0-20000-0-11791","T","2026/03/24 06:50:00",7.9,,
"0-203-0-10101014001","SRA1H","2026/03/24 07:00:00",0,,
"0-203-0-10101019001","SRA1H","2026/03/24 07:00:00",0,,
"0-203-0-10101019002","T","2026/03/24 06:10:00",3.1,,
"0-203-0-10101025001","SRA1H","2026/03/24 07:00:00",0,,
"0-203-0-10101026001","SRA1H","2026/03/24 07:00:00",0,,
"0-203-0-10102002001","T","2026/03/24 06:10:00",0.9,,
"0-203-0-10102004001","T","2026/03/24 06:10:00",-0.3,,
"0-203-0-10102006101","SRA1H","2026/03/24 07:00:00",0,,
"0-203-0-10102013001","SRA1H","2026/03/24 07:00:00",0,,
"0-203-0-10102027001","Fmax","2026/03/24 06:50:00",1.2,,
"0-203-0-10102027001","SRA1H","2026/03/24 07:00:00",0,,
"0-203-0-10102027001","T","2026/03/24 06:50:00",6.2,,
"0-203-0-10103004001","Fmax","2026/03/24 06:50:00",0,,
"0-203-0-10103004001","SRA1H","2026/03/24 06:00:00",0,,
"0-203-0-10103004001","T","2026/03/24 06:50:00",-2.1,,
"0-203-0-10103018001","SRA1H","2026/03/24 06:00:00",0,,
"0-203-0-10103042001","SRA1H","2026/03/24 06:00:00",0,,
"0-203-0-10103042002","SRA1H","2026/03/24 06:00:00",0,,
"0-203-0-10103056001","Fmax","2026/03/24 06:50:00",1,,
"0-203-0-10103056001","SRA1H","2026/03/24 07:00:00",0,,
"0-203-0-10103056001","T","2026/03/24 06:50:00",2.8,,
"0-203-0-10201001001","SRA1H","2026/03/24 07:00:00",0,,
"0-203-0-10201001001","T","2026/03/24 06:50:00",-2.3,,
"0-203-0-10201037001","SRA1H","2026/03/24 07:00:00",0,,
"0-203-0-10201037002","T","2026/03/24 06:10:00",-0.1,,
"0-203-0-10201039001","SRA1H","2026/03/24 05:00:00",0,,
"0-203-0-10201047001","SRA1H","2026/03/24 07:00:00",0,,
"0-203-0-10201053001","T","2026/03/24 06:10:00",2,,
"0-203-0-10202005001","Fmax","2026/03/24 06:50:00",0.7,,
"0-203-0-10202005001","SRA1H","2026/03/24 07:00:00",0,,
"0-203-0-10202005001","T","2026/03/24 06:50:00",2.2,,
"0-203-0-10202014001","SRA1H","2026/03/24 07:00:00",0,,
"0-203-0-10202014002","T","2026/03/24 06:10:00",4.3,,
"0-203-0-10202065001","SRA1H","2026/03/24 07:00:00",0,,
"0-203-0-10202083001","Fmax","2026/03/24 06:50:00",0.5,,
"0-203-0-10202083001","SRA1H","2026/03/24 07:00:00",0,,
"0-203-0-10202083001","T","2026/03/24 06:50:00",0.5,,
"0-203-0-10203029301","SRA1H","2026/03/24 07:00:00",0,,
"0-203-0-10203034001","SRA1H","2026/03/24 07:00:00",0,,
"0-203-0-10302022001","SRA1H","2026/03/24 07:00:00",0,,
"0-203-0-10302040001","Fmax","2026/03/24 06:50:00",1.5,,
"0-203-0-10302040001","SRA1H","2026/03/24 07:00:00",0,,
"0-203-0-10302040001","T","2026/03/24 06:50:00",2.7,,
"0-203-0-10303045001","SRA1H","2026/03/24 07:00:00",0,,
"0-203-0-10303061001","Fmax","2026/03/24 06:50:00",1.8,,
"0-203-0-10303061001","SRA1H","2026/03/24 07:00:00",0,,
"0-203-0-10303061001","T","2026/03/24 06:50:00",5.2,,
"0-203-0-10304023001","SRA1H","2026/03/24 07:00:00",0,,
"0-203-0-10305002001","SRA1H","2026/03/24 06:00:00",0,,
"0-203-0-10401002001","SRA1H","2026/03/24 07:00:00",0,,
"0-203-0-10401004001","Fmax","2026/03/24 06:50:00",1.7,,
"0-203-0-10401004001","SRA1H","2026/03/24 07:00:00",0,,
"0-203-0-10401004001","T","2026/03/24 06:50:00",4,,
"0-203-0-10401028001","SRA1H","2026/03/24 06:00:00",0,,
"0-203-0-10402021001","SRA1H","2026/03/24 07:00:00",0,,
"0-203-0-10405023001","SRA1H","2026/03/24 07:00:00",0,,
"0-203-0-10405051001","SRA1H","2026/03/24 07:00:00",0,,
"0-203-0-10406037001","Fmax","2026/03/24 06:50:00",2,,
"0-203-0-10406037001","SRA1H","2026/03/24 07:00:00",0,,
"0-203-0-10406037001","T","2026/03/24 06:50:00",2.6,,
"0-203-0-10407027001","SRA1H","2026/03/24 07:00:00",0,,
"0-203-0-10407065001","SRA1H","2026/03/24 07:00:00",0,,
"0-203-0-10501021001","SRA1H","2026/03/24 07:00:00",0,,
"0-203-0-10501021001","T","2026/03/24 06:50:00",3.7,,
"0-203-0-10501030001","SRA1H","2026/03/24 07:00:00",0,,
"0-203-0-10501035001","SRA1H","2026/03/24 07:00:00",0,,
"0-203-0-10501038001","SRA1H","2026/03/24 07:00:00",0,,
"0-203-0-10501057001","SRA1H","2026/03/24 07:00:00",0,,
"0-203-0-10501059001","SRA1H","2026/03/24 07:00:00",0,,
"0-203-0-10501059001","T","2026/03/24 06:40:00",-0.2,,
"0-203-0-10501060001","SRA1H","2026/03/24 07:00:00",0,,
"0-203-0-10501061001","SRA1H","2026/03/24 06:00:00",0,,
"0-203-0-10501061001","T","2026/03/24 06:50:00",4.8,,
"0-203-0-10501066001","T","2026/03/24 06:10:00",4,,
"0-203-0-10501078001","SRA1H","2026/03/24 06:00:00",0,,
"0-203-0-10502008001","T","2026/03/24 06:10:00",4,,
"0-203-0-10502050001","SRA1H","2026/03/24 07:00:00",0,,
"0-203-0-10502085001","SRA1H","2026/03/24 07:00:00",0,,
"0-203-0-10502085001","T","2026/03/24 06:50:00",1.9,,
"0-203-0-10503002001","Fmax","2026/03/24 06:50:00",0.3,,
"0-203-0-10503002001","SRA1H","2026/03/24 07:00:00",0,,
"0-203-0-10503002001","T","2026/03/24 06:50:00",3.9,,
"0-203-0-10504037001","SRA1H","2026/03/24 07:00:00",0,,
"0-203-0-10601011001","SRA1H","2026/03/24 07:00:00",0,,
"0-203-0-10601011001","T","2026/03/24 06:50:00",-2.2,,
"0-203-0-10601022001","T","2026/03/24 06:10:00",2.9,,
"0-203-0-10601029001","SRA1H","2026/03/24 07:00:00",0,,
"0-203-0-10601040001","Fmax","2026/03/24 06:50:00",0.4,,
"0-203-0-10601040001","SRA1H","2026/03/24 07:00:00",0,,
"0-203-0-10601040001","T","2026/03/24 06:50:00",-1.2,,
"0-203-0-10601064001","SRA1H","2026/03/24 07:00:00",0,,
"0-203-0-10601195001","Fmax","2026/03/24 06:50:00",2.8,,
"0-203-0-10601195001","SRA1H","2026/03/24 07:00:00",0,,
"0-203-0-10601195001","T","2026/03/24 06:50:00",2.9,,
"0-203-0-10601205001","SRA1H","2026/03/24 07:00:00",0,,
"0-203-0-10601205001","T","2026/03/24 06:50:00",3.8,,
"0-203-0-10601208001","SRA1H","2026/03/24 07:00:00",0,,
"0-203-0-10602007001","SRA1H","2026/03/24 07:00:00",0,,
"0-203-0-10602027001","SRA1H","2026/03/24 07:00:00",0,,
"0-203-0-10602027002","T","2026/03/24 06:10:00",2,,
"0-203-0-10602029002","SRA1H","2026/03/24 07:00:00",0,,
"0-203-0-10602036001","SRA1H","2026/03/24 07:00:00",0,,
"0-203-0-10602062001","SRA1H","2026/03/24 07:00:00",0,,
"0-203-0-10603060001","SRA1H","2026/03/24 07:00:00",0,,
"0-203-0-10702020001","SRA1H","2026/03/24 07:00:00",0,,
"0-203-0-10702028001","SRA1H","2026/03/24 07:00:00",0,,
"0-203-0-10703011001","SRA1H","2026/03/24 07:00:00",0,,
"0-203-0-10703036001","SRA1H","2026/03/24 06:00:00",0,,
"0-203-0-10703057001","SRA1H","2026/03/24 07:00:00",0,,
"0-203-0-10704084001","SRA1H","2026/03/24 07:00:00",0,,
"0-203-0-10704117001","SRA1H","2026/03/24 07:00:00",0,,
"0-203-0-10801005002","SRA1H","2026/03/24 07:00:00",0,,
"0-203-0-10801007001","T","2026/03/24 02:50:00",-3.5,,
"0-203-0-10801019001","T","2026/03/24 06:10:00",-2.4,,
"0-203-0-10801024001","T","2026/03/24 06:10:00",0.1,,
"0-203-0-10801028001","SRA1H","2026/03/24 07:00:00",0,,
"0-203-0-10801058001","SRA1H","2026/03/24 07:00:00",0,,
"0-203-0-10801069001","SRA1H","2026/03/24 07:00:00",0,,
"0-203-0-10801086001","SRA1H","2026/03/24 06:00:00",0,,
"0-203-0-10801100001","SRA1H","2026/03/24 07:00:00",0,,
"0-203-0-10801117001","SRA1H","2026/03/24 07:00:00",0,,
"0-203-0-10802004001","SRA1H","2026/03/24 07:00:00",0,,
"0-203-0-10802004001","T","2026/03/24 06:50:00",3.5,,
"0-203-0-10802009001","SRA1H","2026/03/24 07:00:00",0,,
"0-203-0-10802009001","T","2026/03/24 06:50:00",2.7,,
"0-203-0-10802017001","SRA1H","2026/03/24 07:00:00",0,,
"0-203-0-10802038001","SRA1H","2026/03/24 07:00:00",0,,
"0-203-0-10802067001","SRA1H","2026/03/24 07:00:00",0,,
"0-203-0-10802073001","SRA1H","2026/03/24 07:00:00",0,,
"0-203-0-10802073001","T","2026/03/24 06:50:00",3.9,,
"0-203-0-10803007001","T","2026/03/24 06:10:00",-2,,
"0-203-0-10803008001","SRA1H","2026/03/24 07:00:00",0,,
"0-203-0-10803089001","SRA1H","2026/03/24 07:00:00",0,,
"0-203-0-10804001001","SRA1H","2026/03/24 07:00:00",0,,
"0-203-0-10804044001","SRA1H","2026/03/24 07:00:00",0,,
"0-203-0-10804062001","SRA1H","2026/03/24 07:00:00",0,,
"0-203-0-10805001001","SRA1H","2026/03/24 07:00:00",0,,
"0-203-0-10805107001","SRA1H","2026/03/24 07:00:00",0,,
"0-203-0-10901004001","SRA1H","2026/03/24 07:00:00",0,,
"0-203-0-10901060001","SRA1H","2026/03/24 07:00:00",0,,
"0-203-0-10901104001","SRA1H","2026/03/24 07:00:00",0,,
"0-203-0-10901141001","SRA1H","2026/03/24 07:00:00",0,,
"0-203-0-10902036001","T","2026/03/24 06:10:00",2.9,,
"0-203-0-10902055001","SRA1H","2026/03/24 06:00:00",0,,
"0-203-0-10903033001","SRA1H","2026/03/24 07:00:00",0,,
"0-203-0-10903065001","Fmax","2026/03/24 06:50:00",1,,
"0-203-0-10903065001","SRA1H","2026/03/24 07:00:00",0,,
"0-203-0-10903065001","T","2026/03/24 06:50:00",0.7,,
"0-203-0-10904013001","SRA1H","2026/03/24 07:00:00",0,,
"0-203-0-10904013001","T","2026/03/24 06:50:00",1.8,,
"0-203-0-11001016001","SRA1H","2026/03/24 07:00:00",0,,
"0-203-0-11001016001","T","2026/03/24 06:50:00",0.7,,
"0-203-0-11001044001","SRA1H","2026/03/24 07:00:00",0,,
"0-203-0-11001055001","T","2026/03/24 06:10:00",2.6,,
"0-203-0-11001107001","SRA1H","2026/03/24 07:00:00",0,,
"0-203-0-11001177001","SRA1H","2026/03/24 07:00:00",0,,
"0-203-0-11002001002","T","2026/03/24 06:10:00",5.6,,
"0-203-0-11002027001","SRA1H","2026/03/24 07:00:00",0,,
"0-203-0-11002037001","SRA1H","2026/03/24 05:00:00",0,,
"0-203-0-11002084001","SRA1H","2026/03/24 07:00:00",0,,
"0-203-0-11002086001","SRA1H","2026/03/24 07:00:00",0,,
"0-203-0-11005008001","SRA1H","2026/03/24 07:00:00",0,,
"0-203-0-11005046001","SRA1H","2026/03/24 07:00:00",0,,
"0-203-0-11005051001","SRA1H","2026/03/24 07:00:00",0,,
"0-203-0-11101006001","T","2026/03/24 06:10:00",2.7,,
"0-203-0-11101007001","T","2026/03/24 06:10:00",2,,
"0-203-0-11101013001","SRA1H","2026/03/24 07:00:00",0,,
"0-203-0-11101031001","Fmax","2026/03/24 04:10:00",0.7,,
"0-203-0-11101031001","SRA1H","2026/03/24 04:00:00",0,,
"0-203-0-11101031001","T","2026/03/24 04:10:00",-2.5,,
"0-203-0-11102023001","SRA1H","2026/03/24 07:00:00",0,,
"0-203-0-11102036001","SRA1H","2026/03/24 06:00:00",0,,
"0-203-0-11102088001","SRA1H","2026/03/24 07:00:00",0,,
"0-203-0-11102135001","SRA1H","2026/03/24 07:00:00",0,,
"0-203-0-11102153001","SRA1H","2026/03/24 07:00:00",0,,
"0-203-0-11103015001","SRA1H","2026/03/24 07:00:00",0,,
"0-203-0-11103017001","SRA1H","2026/03/24 07:00:00",0,,
"0-203-0-11103049001","SRA1H","2026/03/24 07:00:00",0,,
"0-203-0-11104026001","SRA1H","2026/03/24 07:00:00",0,,
"0-203-0-11104051001","SRA1H","2026/03/24 07:00:00",0,,
"0-203-0-11201018001","Fmax","2026/03/24 06:50:00",2.4,,
"0-203-0-11201018001","SRA1H","2026/03/24 07:00:00",0,,
"0-203-0-11201018001","T","2026/03/24 06:50:00",4.1,,
"0-203-0-11201020001","Fmax","2026/03/24 06:50:00",3.9,,
"0-203-0-11201020001","SRA1H","2026/03/24 07:00:00",0,,
"0-203-0-11201020001","T","2026/03/24 06:50:00",3.7,,
"0-203-0-11201024001","SRA1H","2026/03/24 07:00:00",0,,
"0-203-0-11202066001","SRA1H","2026/03/24 07:00:00",0,,
"0-203-0-11202078001","SRA1H","2026/03/24 07:00:00",0,,
"0-203-0-11301046001","SRA1H","2026/03/24 07:00:00",0,,
"0-203-0-11301082001","SRA1H","2026/03/24 07:00:00",0,,
"0-203-0-11301092001","Fmax","2026/03/24 06:50:00",0,,
"0-203-0-11301092001","SRA1H","2026/03/24 07:00:00",0,,
"0-203-0-11301092001","T","2026/03/24 06:50:00",0.6,,
"0-203-0-11301106001","SRA1H","2026/03/24 07:00:00",0,,
"0-203-0-11301106001","T","2026/03/24 06:50:00",3.7,,
"0-203-0-11301156001","SRA1H","2026/03/24 07:00:00",0,,
"0-203-0-11301161001","SRA1H","2026/03/24 07:00:00",0,,
"0-203-0-11301161001","T","2026/03/24 06:50:00",0.2,,
"0-203-0-11302015001","SRA1H","2026/03/24 07:00:00",0,,
"0-203-0-11302057001","SRA1H","2026/03/24 07:00:00",0,,
"0-203-0-11302082001","SRA1H","2026/03/24 07:00:00",0,,
"0-203-0-11303001001","T","2026/03/23 19:20:00",6.2,,
"0-203-0-11303017001","SRA1H","2026/03/24 07:00:00",0,,
"0-203-0-11303078001","SRA1H","2026/03/24 07:00:00",0,,
"0-203-0-11303100001","SRA1H","2026/03/24 07:00:00",0,,
"0-203-0-11304041001","SRA1H","2026/03/24 07:00:00",0,,
"0-203-0-11304061001","SRA1H","2026/03/24 07:00:00",0,,
"0-203-0-11305010001","SRA1H","2026/03/24 07:00:00",0,,
"0-203-0-11401","Fmax","2026/03/24 06:50:00",2.4,,
"0-203-0-11401","SRA1H","2026/03/24 07:00:00",0,,
"0-203-0-11401","T","2026/03/24 06:50:00",3.7,,
"0-203-0-11401001001","T","2026/03/24 06:10:00",2.9,,
"0-203-0-11401020001","SRA1H","2026/03/24 07:00:00",0,,
"0-203-0-11401043001","SRA1H","2026/03/24 07:00:00",0,,
"0-203-0-11401056001","SRA1H","2026/03/24 07:00:00",0,,
"0-203-0-11401097301","SRA1H","2026/03/24 07:00:00",0,,
"0-203-0-11402017001","SRA1H","2026/03/24 07:00:00",0,,
"0-203-0-11402027001","SRA1H","2026/03/24 07:00:00",0,,
"0-203-0-11403005001","SRA1H","2026/03/24 07:00:00",0,,
"0-203-0-11403025001","SRA1H","2026/03/24 07:00:00",0,,
"0-203-0-11403041001","SRA1H","2026/03/24 07:00:00",0,,
"0-203-0-11403042001","T","2026/03/24 06:00:00",4.6,,
"0-203-0-11403051001","SRA1H","2026/03/24 07:00:00",0,,
"0-203-0-11403070002","SRA1H","2026/03/24 07:00:00",0,,
"0-203-0-11403079001","SRA1H","2026/03/24 07:00:00",0,,
"0-203-0-11403086001","SRA1H","2026/03/24 07:00:00",0,,
"0-203-0-11405002001","T","2026/03/24 06:10:00",5.4,,
"0-203-0-11408","Fmax","2026/03/24 06:50:00",0.6,,
"0-203-0-11408","SRA1H","2026/03/24 07:00:00",0,,
"0-203-0-11408","T","2026/03/24 06:50:00",-1.3,,
"0-203-0-11410","Fmax","2026/03/24 06:50:00",5.2,,
"0-203-0-11410","SRA1H","2026/03/24 07:00:00",0,,
"0-203-0-11410","T","2026/03/24 06:50:00",5.1,,
"0-203-0-11413","Fmax","2026/03/24 06:50:00",0.5,,
"0-203-0-11413","SRA1H","2026/03/24 07:00:00",0,,
"0-203-0-11413","T","2026/03/24 06:50:00",2.1,,
"0-203-0-11415","SRA1H","2026/03/24 07:00:00",0,,
"0-203-0-11415","T","2026/03/24 06:50:00",0.2,,
"0-203-0-11417","Fmax","2026/03/24 06:50:00",2.4,,
"0-203-0-11417","SRA1H","2026/03/24 07:00:00",0,,
"0-203-0-11417","T","2026/03/24 06:50:00",3.8,,
"0-203-0-11419","Fmax","2026/03/24 06:50:00",0.7,,
"0-203-0-11419","SRA1H","2026/03/24 07:00:00",0,,
"0-203-0-11419","T","2026/03/24 06:50:00",2.2,,
"0-203-0-11420","Fmax","2026/03/24 06:50:00",6.2,,
"0-203-0-11420","SRA1H","2026/03/24 07:00:00",0,,
"0-203-0-11420","T","2026/03/24 06:50:00",2.8,,
"0-203-0-11428","Fmax","2026/03/24 06:50:00",0.5,,
"0-203-0-11428","SRA1H","2026/03/24 07:00:00",0,,
"0-203-0-11428","T","2026/03/24 06:50:00",1.4,,
"0-203-0-11430","Fmax","2026/03/24 06:50:00",3.3,,
"0-203-0-11430","SRA1H","2026/03/24 07:00:00",0,,
"0-203-0-11430","T","2026/03/24 06:50:00",6.6,,
"0-203-0-11432","Fmax","2026/03/24 06:50:00",4.2,,
"0-203-0-11432","SRA1H","2026/03/24 07:00:00",0,,
"0-203-0-11432","T","2026/03/24 06:50:00",6.1,,
"0-203-0-11439","Fmax","2026/03/24 06:50:00",1.8,,
"0-203-0-11439","SRA1H","2026/03/24 07:00:00",0,,
"0-203-0-11439","T","2026/03/24 06:50:00",3.7,,
"0-203-0-11442","Fmax","2026/03/24 06:50:00",0,,
"0-203-0-11442","SRA1H","2026/03/24 07:00:00",0,,
"0-203-0-11442","T","2026/03/24 06:50:00",2.1,,
"0-203-0-11444","Fmax","2026/03/24 06:50:00",2.2,,
"0-203-0-11444","SRA1H","2026/03/24 07:00:00",0,,
"0-203-0-11444","T","2026/03/24 06:50:00",1.5,,
"0-203-0-11446","SRA1H","2026/03/24 07:00:00",0,,
"0-203-0-11446","T","2026/03/24 06:50:00",-1.5,,
"0-203-0-11447","Fmax","2026/03/24 06:50:00",0,,
"0-203-0-11447","SRA1H","2026/03/24 07:00:00",0,,
"0-203-0-11447","T","2026/03/24 06:50:00",-0.1,,
"0-203-0-11451","Fmax","2026/03/24 06:50:00",1.5,,
"0-203-0-11451","SRA1H","2026/03/24 07:00:00",0,,
"0-203-0-11451","T","2026/03/24 06:50:00",-0.4,,
"0-203-0-11453","Fmax","2026/03/24 06:50:00",1.2,,
"0-203-0-11453","SRA1H","2026/03/24 07:00:00",0,,
"0-203-0-11453","T","2026/03/24 06:50:00",5.8,,
"0-203-0-11455","Fmax","2026/03/24 06:50:00",0.5,,
"0-203-0-11455","SRA1H","2026/03/24 07:00:00",0,,
"0-203-0-11455","T","2026/03/24 06:50:00",0.6,,
"0-203-0-11461","Fmax","2026/03/24 06:50:00",0.8,,
"0-203-0-11461","SRA1H","2026/03/24 07:00:00",0,,
"0-203-0-11461","T","2026/03/24 06:50:00",3,,
"0-203-0-11465","Fmax","2026/03/24 06:50:00",1.2,,
"0-203-0-11465","SRA1H","2026/03/24 07:00:00",0,,
"0-203-0-11465","T","2026/03/24 06:50:00",5,,
"0-203-0-11468","Fmax","2026/03/24 06:50:00",1.2,,
"0-203-0-11468","SRA1H","2026/03/24 07:00:00",0,,
"0-203-0-11468","T","2026/03/24 06:50:00",1.8,,
"0-203-0-11474","Fmax","2026/03/24 06:50:00",4.7,,
"0-203-0-11474","SRA1H","2026/03/24 07:00:00",0,,
"0-203-0-11474","T","2026/03/24 06:50:00",4.1,,
"0-203-0-11478","Fmax","2026/03/24 06:50:00",2,,
"0-203-0-11478","SRA1H","2026/03/24 07:00:00",0,,
"0-203-0-11478","T","2026/03/24 06:50:00",2.7,,
"0-203-0-11483","Fmax","2026/03/24 06:50:00",2.1,,
"0-203-0-11483","SRA1H","2026/03/24 07:00:00",0,,
"0-203-0-11483","T","2026/03/24 06:50:00",2.6,,
"0-203-0-11485","Fmax","2026/03/24 06:50:00",0.5,,
"0-203-0-11485","SRA1H","2026/03/24 07:00:00",0,,
"0-203-0-11485","T","2026/03/24 06:50:00",4.2,,
"0-203-0-11486","Fmax","2026/03/24 06:50:00",1,,
"0-203-0-11486","SRA1H","2026/03/24 07:00:00",0,,
"0-203-0-11486","T","2026/03/24 06:50:00",-0.4,,
"0-203-0-11490","Fmax","2026/03/24 06:50:00",1.1,,
"0-203-0-11490","SRA1H","2026/03/24 07:00:00",0,,
"0-203-0-11490","T","2026/03/24 06:50:00",1,,
"0-203-0-11491","Fmax","2026/03/24 06:50:00",0.1,,
"0-203-0-11491","SRA1H","2026/03/24 07:00:00",0,,
"0-203-0-11491","T","2026/03/24 06:50:00",-0.2,,
"0-203-0-11493","Fmax","2026/03/24 06:50:00",3.9,,
"0-203-0-11493","SRA1H","2026/03/24 07:00:00",0,,
"0-203-0-11493","T","2026/03/24 06:50:00",1.3,,
"0-203-0-11494","T","2026/03/24 06:50:00",-2.6,,
"0-203-0-11497","Fmax","2026/03/24 06:50:00",1,,
"0-203-0-11497","SRA1H","2026/03/24 07:00:00",0,,
"0-203-0-11497","T","2026/03/24 06:50:00",2.4,,
"0-203-0-11501","Fmax","2026/03/24 06:50:00",0,,
"0-203-0-11501","SRA1H","2026/03/24 07:00:00",0,,
"0-203-0-11501","T","2026/03/24 06:50:00",1.4,,
"0-203-0-11501028001","SRA1H","2026/03/24 07:00:00",0,,
"0-203-0-11501049001","SRA1H","2026/03/24 07:00:00",0,,
"0-203-0-11502020001","SRA1H","2026/03/24 07:00:00",0,,
"0-203-0-11503","Fmax","2026/03/24 06:50:00",1.4,,
"0-203-0-11503","SRA1H","2026/03/24 07:00:00",0,,
"0-203-0-11503","T","2026/03/24 06:50:00",3.1,,
"0-203-0-11504","Fmax","2026/03/24 06:50:00",2.1,,
"0-203-0-11504","SRA1H","2026/03/24 07:00:00",0,,
"0-203-0-11504","T","2026/03/24 06:50:00",7.8,,
"0-203-0-11510","Fmax","2026/03/24 06:50:00",0.8,,
"0-203-0-11510","SRA1H","2026/03/24 07:00:00",0,,
"0-203-0-11510","T","2026/03/24 06:50:00",4.7,,
"0-203-0-11514","Fmax","2026/03/24 06:50:00",2.5,,
"0-203-0-11514","SRA1H","2026/03/24 07:00:00",0,,
"0-203-0-11514","T","2026/03/24 06:50:00",4.5,,
"0-203-0-11515","T","2026/03/24 06:50:00",3.7,,
"0-203-0-11521","Fmax","2026/03/24 06:50:00",3.1,,
"0-203-0-11521","SRA1H","2026/03/24 07:00:00",0,,
"0-203-0-11521","T","2026/03/24 06:50:00",1.9,,
"0-203-0-11522","Fmax","2026/03/24 06:50:00",1,,
"0-203-0-11522","SRA1H","2026/03/24 07:00:00",0,,
"0-203-0-11522","T","2026/03/24 06:50:00",0.5,,
"0-203-0-11525","SRA1H","2026/03/24 07:00:00",0,,
"0-203-0-11526","Fmax","2026/03/24 06:50:00",1.1,,
"0-203-0-11526","SRA1H","2026/03/24 07:00:00",0,,
"0-203-0-11526","T","2026/03/24 06:50:00",-0.6,,
"0-203-0-11528","Fmax","2026/03/24 06:50:00",0,,
"0-203-0-11528","SRA1H","2026/03/24 07:00:00",0,,
"0-203-0-11528","T","2026/03/24 06:50:00",4.8,,
"0-203-0-11532","Fmax","2026/03/24 06:50:00",0.1,,
"0-203-0-11532","SRA1H","2026/03/24 07:00:00",0,,
"0-203-0-11532","T","2026/03/24 06:50:00",1.1,,
"0-203-0-11535","SRA1H","2026/03/24 07:00:00",0,,
"0-203-0-11539","SRA1H","2026/03/24 07:00:00",0,,
"0-203-0-11545","Fmax","2026/03/24 06:50:00",1.4,,
"0-203-0-11545","SRA1H","2026/03/24 07:00:00",0,,
"0-203-0-11545","T","2026/03/24 06:50:00",5.8,,
"0-203-0-11547","Fmax","2026/03/24 06:50:00",1.6,,
"0-203-0-11547","SRA1H","2026/03/24 07:00:00",0,,
"0-203-0-11547","T","2026/03/24 06:50:00",2.9,,
"0-203-0-11549","Fmax","2026/03/24 06:50:00",0.4,,
"0-203-0-11549","SRA1H","2026/03/24 07:00:00",0,,
"0-203-0-11549","T","2026/03/24 06:50:00",4.7,,
"0-203-0-11551","Fmax","2026/03/24 06:50:00",1.2,,
"0-203-0-11551","SRA1H","2026/03/24 07:00:00",0,,
"0-203-0-11551","T","2026/03/24 06:50:00",5,,
"0-203-0-11552","Fmax","2026/03/24 06:50:00",0,,
"0-203-0-11552","SRA1H","2026/03/24 07:00:00",0,,
"0-203-0-11552","T","2026/03/24 06:50:00",3.2,,
"0-203-0-11554","Fmax","2026/03/24 06:50:00",0.9,,
"0-203-0-11554","SRA1H","2026/03/24 07:00:00",0,,
"0-203-0-11554","T","2026/03/24 06:50:00",0.8,,
"0-203-0-11556","Fmax","2026/03/24 06:50:00",1,,
"0-203-0-11556","SRA1H","2026/03/24 07:00:00",0,,
"0-203-0-11556","T","2026/03/24 06:50:00",2.6,,
"0-203-0-11557","Fmax","2026/03/24 06:50:00",0.8,,
"0-203-0-11557","SRA1H","2026/03/24 07:00:00",0,,
"0-203-0-11557","T","2026/03/24 06:50:00",0.4,,
"0-203-0-11558","Fmax","2026/03/24 06:50:00",0.9,,
"0-203-0-11558","SRA1H","2026/03/24 07:00:00",0,,
"0-203-0-11558","T","2026/03/24 06:50:00",0.4,,
"0-203-0-11559","Fmax","2026/03/24 06:50:00",0.9,,
"0-203-0-11559","SRA1H","2026/03/24 07:00:00",0,,
"0-203-0-11559","T","2026/03/24 06:50:00",-1.3,,
"0-203-0-11561","Fmax","2026/03/24 06:50:00",1.2,,
"0-203-0-11561","SRA1H","2026/03/24 07:00:00",0,,
"0-203-0-11561","T","2026/03/24 06:50:00",3.6,,
"0-203-0-11562","Fmax","2026/03/24 06:50:00",1.3,,
"0-203-0-11562","SRA1H","2026/03/24 07:00:00",0,,
"0-203-0-11562","T","2026/03/24 06:50:00",3.1,,
"0-203-0-11563","Fmax","2026/03/24 06:50:00",1.2,,
"0-203-0-11563","SRA1H","2026/03/24 07:00:00",0,,
"0-203-0-11563","T","2026/03/24 06:50:00",3.2,,
"0-203-0-11572","Fmax","2026/03/24 06:50:00",3.7,,
"0-203-0-11572","SRA1H","2026/03/24 07:00:00",0,,
"0-203-0-11572","T","2026/03/24 06:50:00",6.2,,
"0-203-0-11573","SRA1H","2026/03/24 07:00:00",0,,
"0-203-0-11574","Fmax","2026/03/24 06:50:00",1.3,,
"0-203-0-11574","SRA1H","2026/03/24 07:00:00",0,,
"0-203-0-11574","T","2026/03/24 06:50:00",1.9,,
"0-203-0-11578","Fmax","2026/03/24 06:50:00",2.4,,
"0-203-0-11578","SRA1H","2026/03/24 07:00:00",0,,
"0-203-0-11578","T","2026/03/24 06:50:00",4.9,,
"0-203-0-11581","Fmax","2026/03/24 06:50:00",2.4,,
"0-203-0-11581","SRA1H","2026/03/24 07:00:00",0,,
"0-203-0-11581","T","2026/03/24 06:50:00",2.2,,
"0-203-0-11582","Fmax","2026/03/24 06:50:00",0.9,,
"0-203-0-11582","SRA1H","2026/03/24 07:00:00",0,,
"0-203-0-11582","T","2026/03/24 06:50:00",0.7,,
"0-203-0-11583","Fmax","2026/03/24 06:50:00",0,,
"0-203-0-11583","SRA1H","2026/03/24 07:00:00",0,,
"0-203-0-11583","T","2026/03/24 06:50:00",3,,
"0-203-0-11585","Fmax","2026/03/24 06:50:00",1,,
"0-203-0-11585","SRA1H","2026/03/24 07:00:00",0,,
"0-203-0-11585","T","2026/03/24 06:50:00",-0.2,,
"0-203-0-11589","Fmax","2026/03/24 06:50:00",0.8,,
"0-203-0-11589","SRA1H","2026/03/24 07:00:00",0,,
"0-203-0-11589","T","2026/03/24 06:50:00",2.2,,
"0-203-0-11593","Fmax","2026/03/24 06:50:00",0.6,,
"0-203-0-11593","SRA1H","2026/03/24 07:00:00",0,,
"0-203-0-11593","T","2026/03/24 06:50:00",5.6,,
"0-203-0-11601","Fmax","2026/03/24 06:50:00",3.8,,
"0-203-0-11601","SRA1H","2026/03/24 07:00:00",0,,
"0-203-0-11601","T","2026/03/24 06:50:00",6,,
"0-203-0-11602","Fmax","2026/03/24 06:50:00",0.6,,
"0-203-0-11602","SRA1H","2026/03/24 07:00:00",0,,
"0-203-0-11602","T","2026/03/24 06:50:00",-0.2,,
"0-203-0-11604","SRA1H","2026/03/24 07:00:00",0,,
"0-203-0-11605","Fmax","2026/03/24 06:50:00",1.9,,
"0-203-0-11605","SRA1H","2026/03/24 06:00:00",0,,
"0-203-0-11605","T","2026/03/24 06:50:00",0.5,,
"0-203-0-11606","Fmax","2026/03/24 06:50:00",0.5,,
"0-203-0-11606","SRA1H","2026/03/24 07:00:00",0,,
"0-203-0-11606","T","2026/03/24 06:50:00",0.7,,
"0-203-0-11608","Fmax","2026/03/24 06:50:00",2.6,,
"0-203-0-11608","SRA1H","2026/03/24 07:00:00",0,,
"0-203-0-11608","T","2026/03/24 06:50:00",7.1,,
"0-203-0-11610","Fmax","2026/03/24 06:50:00",1.6,,
"0-203-0-11610","SRA1H","2026/03/24 07:00:00",0,,
"0-203-0-11610","T","2026/03/24 06:50:00",2.4,,
"0-203-0-11611","Fmax","2026/03/24 06:50:00",1.2,,
"0-203-0-11611","SRA1H","2026/03/24 07:00:00",0,,
"0-203-0-11611","T","2026/03/24 06:50:00",7.3,,
"0-203-0-11612","Fmax","2026/03/24 06:50:00",1,,
"0-203-0-11612","SRA1H","2026/03/24 07:00:00",0,,
"0-203-0-11612","T","2026/03/24 06:50:00",4.2,,
"0-203-0-11617","Fmax","2026/03/24 06:50:00",0,,
"0-203-0-11617","SRA1H","2026/03/24 07:00:00",0,,
"0-203-0-11617","T","2026/03/24 06:50:00",1.9,,
"0-203-0-11620","Fmax","2026/03/24 06:50:00",1.8,,
"0-203-0-11620","SRA1H","2026/03/24 07:00:00",0,,
"0-203-0-11620","T","2026/03/24 06:50:00",4.5,,
"0-203-0-11621","Fmax","2026/03/24 06:50:00",2.7,,
"0-203-0-11621","SRA1H","2026/03/24 07:00:00",0,,
"0-203-0-11621","T","2026/03/24 06:50:00",2.7,,
"0-203-0-11622","SRA1H","2026/03/24 07:00:00",0,,
"0-203-0-11622","T","2026/03/24 06:50:00",2.6,,
"0-203-0-11623","Fmax","2026/03/24 06:50:00",1.1,,
"0-203-0-11623","SRA1H","2026/03/24 07:00:00",0,,
"0-203-0-11623","T","2026/03/24 06:50:00",3.1,,
"0-203-0-11625","Fmax","2026/03/24 06:50:00",0,,
"0-203-0-11625","SRA1H","2026/03/24 07:00:00",0,,
"0-203-0-11625","T","2026/03/24 06:50:00",0.4,,
"0-203-0-11626","Fmax","2026/03/24 06:50:00",0,,
"0-203-0-11626","SRA1H","2026/03/24 07:00:00",0,,
"0-203-0-11626","T","2026/03/24 06:50:00",-0.5,,
"0-203-0-11632","Fmax","2026/03/24 06:50:00",0.5,,
"0-203-0-11632","SRA1H","2026/03/24 07:00:00",0,,
"0-203-0-11632","T","2026/03/24 06:50:00",4.4,,
"0-203-0-11633","Fmax","2026/03/24 06:50:00",2.7,,
"0-203-0-11633","SRA1H","2026/03/24 07:00:00",0,,
"0-203-0-11633","T","2026/03/24 06:50:00",-1.2,,
"0-203-0-11634","Fmax","2026/03/24 06:50:00",1.1,,
"0-203-0-11634","SRA1H","2026/03/24 07:00:00",0,,
"0-203-0-11634","T","2026/03/24 06:50:00",4.5,,
"0-203-0-11635","Fmax","2026/03/24 06:50:00",1,,
"0-203-0-11635","SRA1H","2026/03/24 07:00:00",0,,
"0-203-0-11635","T","2026/03/24 06:50:00",1.6,,
"0-203-0-11637","Fmax","2026/03/24 06:50:00",0.7,,
"0-203-0-11637","SRA1H","2026/03/24 07:00:00",0,,
"0-203-0-11637","T","2026/03/24 06:50:00",2.4,,
"0-203-0-11639","Fmax","2026/03/24 06:50:00",0.1,,
"0-203-0-11639","SRA1H","2026/03/24 07:00:00",0,,
"0-203-0-11639","T","2026/03/24 06:50:00",0.3,,
"0-203-0-11640","Fmax","2026/03/24 06:50:00",3.6,,
"0-203-0-11640","SRA1H","2026/03/24 07:00:00",0,,
"0-203-0-11640","T","2026/03/24 06:50:00",2.1,,
"0-203-0-11645","SRA1H","2026/03/24 07:00:00",0,,
"0-203-0-11645","T","2026/03/24 06:50:00",-0.3,,
"0-203-0-11649","Fmax","2026/03/24 06:50:00",1.5,,
"0-203-0-11649","SRA1H","2026/03/24 07:00:00",0,,
"0-203-0-11649","T","2026/03/24 06:50:00",2.1,,
"0-203-0-11651","Fmax","2026/03/24 06:50:00",1.4,,
"0-203-0-11651","SRA1H","2026/03/24 07:00:00",0,,
"0-203-0-11651","T","2026/03/24 06:50:00",1.6,,
"0-203-0-11655","Fmax","2026/03/24 06:50:00",2.5,,
"0-203-0-11655","SRA1H","2026/03/24 07:00:00",0,,
"0-203-0-11655","T","2026/03/24 06:50:00",2.1,,
"0-203-0-11656","Fmax","2026/03/24 06:50:00",1.8,,
"0-203-0-11656","SRA1H","2026/03/24 07:00:00",0,,
"0-203-0-11656","T","2026/03/24 06:50:00",1,,
"0-203-0-11660","Fmax","2026/03/24 06:50:00",0.4,,
"0-203-0-11660","SRA1H","2026/03/24 07:00:00",0,,
"0-203-0-11660","T","2026/03/24 06:50:00",2.7,,
"0-203-0-11662","Fmax","2026/03/24 06:50:00",0.9,,
"0-203-0-11662","SRA1H","2026/03/24 07:00:00",0,,
"0-203-0-11662","T","2026/03/24 06:50:00",2.1,,
"0-203-0-11667","Fmax","2026/03/24 06:50:00",1.8,,
"0-203-0-11667","SRA1H","2026/03/24 07:00:00",0,,
"0-203-0-11667","T","2026/03/24 06:50:00",7.2,,
"0-203-0-11670","Fmax","2026/03/24 06:50:00",0.1,,
"0-203-0-11670","SRA1H","2026/03/24 07:00:00",0,,
"0-203-0-11670","T","2026/03/24 06:50:00",1.5,,
"0-203-0-11671","Fmax","2026/03/24 06:50:00",0.7,,
"0-203-0-11671","SRA1H","2026/03/24 07:00:00",0,,
"0-203-0-11671","T","2026/03/24 06:50:00",-1.4,,
"0-203-0-11674","Fmax","2026/03/24 06:50:00",0.7,,
"0-203-0-11674","SRA1H","2026/03/24 07:00:00",0,,
"0-203-0-11674","T","2026/03/24 06:50:00",2,,
"0-203-0-11676","Fmax","2026/03/24 06:50:00",1.2,,
"0-203-0-11676","SRA1H","2026/03/24 07:00:00",0,,
"0-203-0-11676","T","2026/03/24 06:50:00",4.9,,
"0-203-0-11678","Fmax","2026/03/24 06:50:00",2,,
"0-203-0-11678","SRA1H","2026/03/24 07:00:00",0,,
"0-203-0-11678","T","2026/03/24 06:50:00",1.5,,
"0-203-0-11680","Fmax","2026/03/24 06:50:00",0.1,,
"0-203-0-11680","SRA1H","2026/03/24 07:00:00",0,,
"0-203-0-11680","T","2026/03/24 06:50:00",3.1,,
"0-203-0-11684","Fmax","2026/03/24 06:50:00",0,,
"0-203-0-11684","SRA1H","2026/03/24 07:00:00",0,,
"0-203-0-11684","T","2026/03/24 06:50:00",5.1,,
"0-203-0-11685","Fmax","2026/03/24 06:50:00",1.8,,
"0-203-0-11685","SRA1H","2026/03/24 07:00:00",0,,
"0-203-0-11685","T","2026/03/24 06:50:00",7.2,,
"0-203-0-11686","Fmax","2026/03/24 06:50:00",0.8,,
"0-203-0-11686","SRA1H","2026/03/24 07:00:00",0,,
"0-203-0-11686","T","2026/03/24 06:50:00",4,,
"0-203-0-11687","Fmax","2026/03/24 06:50:00",0.8,,
"0-203-0-11687","SRA1H","2026/03/24 07:00:00",0,,
"0-203-0-11687","T","2026/03/24 06:50:00",2.9,,
"0-203-0-11691","SRA1H","2026/03/24 07:00:00",0,,
"0-203-0-11695","Fmax","2026/03/24 06:50:00",2.8,,
"0-203-0-11695","SRA1H","2026/03/24 07:00:00",0,,
"0-203-0-11695","T","2026/03/24 06:50:00",7.6,,
"0-203-0-11696","Fmax","2026/03/24 06:50:00",1.6,,
"0-203-0-11696","SRA1H","2026/03/24 07:00:00",0,,
"0-203-0-11696","T","2026/03/24 06:50:00",8,,
"0-203-0-11701","Fmax","2026/03/24 06:50:00",1.2,,
"0-203-0-11701","SRA1H","2026/03/24 07:00:00",0,,
"0-203-0-11701","T","2026/03/24 06:50:00",5.4,,
"0-203-0-11704","SRA1H","2026/03/24 07:00:00",0,,
"0-203-0-11704","T","2026/03/24 06:50:00",5.6,,
"0-203-0-11705","Fmax","2026/03/24 06:50:00",1.6,,
"0-203-0-11705","SRA1H","2026/03/24 07:00:00",0,,
"0-203-0-11705","T","2026/03/24 06:50:00",4.2,,
"0-203-0-11709","SRA1H","2026/03/24 07:00:00",0,,
"0-203-0-11709","T","2026/03/24 06:50:00",3.8,,
"0-203-0-11711","Fmax","2026/03/24 06:50:00",0.8,,
"0-203-0-11711","SRA1H","2026/03/24 07:00:00",0,,
"0-203-0-11711","T","2026/03/24 06:50:00",3,,
"0-203-0-11713","Fmax","2026/03/24 06:50:00",0.8,,
"0-203-0-11713","SRA1H","2026/03/24 07:00:00",0,,
"0-203-0-11713","T","2026/03/24 06:50:00",3.5,,
"0-203-0-11716","Fmax","2026/03/24 06:50:00",3.3,,
"0-203-0-11716","SRA1H","2026/03/24 07:00:00",0,,
"0-203-0-11716","T","2026/03/24 06:50:00",8.4,,
"0-203-0-11721","Fmax","2026/03/24 06:50:00",3,,
"0-203-0-11721","SRA1H","2026/03/24 07:00:00",0,,
"0-203-0-11721","T","2026/03/24 06:50:00",6.3,,
"0-203-0-11724","Fmax","2026/03/24 06:50:00",1.9,,
"0-203-0-11724","SRA1H","2026/03/24 07:00:00",0,,
"0-203-0-11724","T","2026/03/24 06:50:00",7,,
"0-203-0-11725","Fmax","2026/03/24 06:50:00",1.4,,
"0-203-0-11725","SRA1H","2026/03/24 07:00:00",0,,
"0-203-0-11725","T","2026/03/24 06:50:00",7.5,,
"0-203-0-11727","Fmax","2026/03/24 06:50:00",2.9,,
"0-203-0-11727","SRA1H","2026/03/24 07:00:00",0,,
"0-203-0-11727","T","2026/03/24 06:50:00",8.5,,
"0-203-0-11729","Fmax","2026/03/24 06:50:00",2.2,,
"0-203-0-11729","SRA1H","2026/03/24 07:00:00",0,,
"0-203-0-11729","T","2026/03/24 06:50:00",7.6,,
"0-203-0-11731","Fmax","2026/03/24 06:50:00",0.8,,
"0-203-0-11731","SRA1H","2026/03/24 07:00:00",0,,
"0-203-0-11731","T","2026/03/24 06:50:00",4.4,,
"0-203-0-11733","SRA1H","2026/03/24 07:00:00",0,,
"0-203-0-11733","T","2026/03/24 06:50:00",4.2,,
"0-203-0-11735","Fmax","2026/03/24 06:50:00",6.1,,
"0-203-0-11735","SRA1H","2026/03/24 07:00:00",0,,
"0-203-0-11735","T","2026/03/24 06:50:00",0.5,,
"0-203-0-11736","Fmax","2026/03/24 07:00:00",0.7,,
"0-203-0-11736","SRA1H","2026/03/24 07:00:00",0,,
"0-203-0-11736","T","2026/03/24 07:00:00",6.9,,
"0-203-0-11737","Fmax","2026/03/24 07:00:00",0,,
"0-203-0-11737","SRA1H","2026/03/24 07:00:00",0,,
"0-203-0-11737","T","2026/03/24 07:00:00",3.9,,
"0-203-0-11741","SRA1H","2026/03/24 06:00:00",0,,
"0-203-0-11741","T","2026/03/24 06:40:00",4.8,,
"0-203-0-11742","Fmax","2026/03/24 07:00:00",2.2,,
"0-203-0-11742","SRA1H","2026/03/24 07:00:00",0,,
"0-203-0-11742","T","2026/03/24 07:00:00",6.6,,
"0-203-0-11748","Fmax","2026/03/24 07:00:00",1.3,,
"0-203-0-11748","SRA1H","2026/03/24 07:00:00",0,,
"0-203-0-11748","T","2026/03/24 07:00:00",6.7,,
"0-203-0-11749","Fmax","2026/03/24 07:00:00",1.2,,
"0-203-0-11749","SRA1H","2026/03/24 07:00:00",0,,
"0-203-0-11749","T","2026/03/24 07:00:00",6.7,,
"0-203-0-11751","Fmax","2026/03/24 07:00:00",2.2,,
"0-203-0-11751","SRA1H","2026/03/24 07:00:00",0,,
"0-203-0-11751","T","2026/03/24 07:00:00",7.1,,
"0-203-0-11754","Fmax","2026/03/24 07:00:00",2,,
"0-203-0-11754","SRA1H","2026/03/24 07:00:00",0,,
"0-203-0-11754","T","2026/03/24 07:00:00",6.8,,
"0-203-0-11755","Fmax","2026/03/24 07:00:00",1.2,,
"0-203-0-11755","SRA1H","2026/03/24 07:00:00",0,,
"0-203-0-11755","T","2026/03/24 07:00:00",6.8,,
"0-203-0-11761","SRA1H","2026/03/24 07:00:00",0,,
"0-203-0-11761","T","2026/03/24 07:00:00",10.5,,
"0-203-0-11762","Fmax","2026/03/24 07:00:00",3.9,,
"0-203-0-11762","SRA1H","2026/03/24 07:00:00",0,,
"0-203-0-11762","T","2026/03/24 07:00:00",7.7,,
"0-203-0-11763","Fmax","2026/03/24 07:00:00",0.3,,
"0-203-0-11763","SRA1H","2026/03/24 07:00:00",0,,
"0-203-0-11763","T","2026/03/24 07:00:00",8.2,,
"0-203-0-11765","Fmax","2026/03/24 07:00:00",1.2,,
"0-203-0-11765","SRA1H","2026/03/24 07:00:00",0,,
"0-203-0-11765","T","2026/03/24 07:00:00",6.4,,
"0-203-0-11767","Fmax","2026/03/24 07:00:00",2.2,,
"0-203-0-11767","SRA1H","2026/03/24 07:00:00",0,,
"0-203-0-11767","T","2026/03/24 07:00:00",8.6,,
"0-203-0-11769","Fmax","2026/03/24 07:00:00",5,,
"0-203-0-11769","SRA1H","2026/03/24 07:00:00",0,,
"0-203-0-11769","T","2026/03/24 07:00:00",4.4,,
"0-203-0-11770","SRA1H","2026/03/24 07:00:00",0,,
"0-203-0-11770","T","2026/03/24 07:00:00",4.3,,
"0-203-0-11771","Fmax","2026/03/24 07:00:00",1.3,,
"0-203-0-11771","SRA1H","2026/03/24 07:00:00",0,,
"0-203-0-11771","T","2026/03/24 07:00:00",7.6,,
"0-203-0-11775","SRA1H","2026/03/24 07:00:00",0,,
"0-203-0-11775","T","2026/03/24 07:00:00",5.1,,
"0-203-0-11777","Fmax","2026/03/24 07:00:00",0.7,,
"0-203-0-11777","SRA1H","2026/03/24 07:00:00",0,,
"0-203-0-11777","T","2026/03/24 07:00:00",6.9,,
"0-203-0-11778","Fmax","2026/03/24 07:00:00",0,,
"0-203-0-11778","SRA1H","2026/03/24 07:00:00",0,,
"0-203-0-11778","T","2026/03/24 07:00:00",5.6,,
"0-203-0-11779","Fmax","2026/03/24 07:00:00",1.2,,
"0-203-0-11779","SRA1H","2026/03/24 07:00:00",0,,
"0-203-0-11779","T","2026/03/24 07:00:00",8.6,,
"0-203-0-11780","Fmax","2026/03/24 07:00:00",0,,
"0-203-0-11780","SRA1H","2026/03/24 07:00:00",0,,
"0-203-0-11780","T","2026/03/24 07:00:00",3.5,,
"0-203-0-11781","Fmax","2026/03/24 07:00:00",1.5,,
"0-203-0-11781","SRA1H","2026/03/24 07:00:00",0,,
"0-203-0-11781","T","2026/03/24 07:00:00",7.5,,
"0-203-0-11784","Fmax","2026/03/24 07:00:00",1.5,,
"0-203-0-11784","SRA1H","2026/03/24 07:00:00",0,,
"0-203-0-11784","T","2026/03/24 07:00:00",6.8,,
"0-203-0-11785","Fmax","2026/03/24 07:00:00",0,,
"0-203-0-11785","SRA1H","2026/03/24 07:00:00",0,,
"0-203-0-11785","T","2026/03/24 07:00:00",8.1,,
"0-203-0-11786","SRA1H","2026/03/24 07:00:00",0,,
"0-203-0-11786","T","2026/03/24 07:00:00",5.7,,
"0-203-0-11788","Fmax","2026/03/24 07:00:00",1.3,,
"0-203-0-11788","SRA1H","2026/03/24 07:00:00",0,,
"0-203-0-11788","T","2026/03/24 07:00:00",4,,
"0-203-0-11789","SRA1H","2026/03/24 07:00:00",0,,
"0-203-0-11790","Fmax","2026/03/24 07:00:00",1.5,,
"0-203-0-11790","SRA1H","2026/03/24 07:00:00",0,,
"0-203-0-11790","T","2026/03/24 07:00:00",7,,
"0-203-0-11792","Fmax","2026/03/24 07:00:00",3.8,,
"0-203-0-11792","SRA1H","2026/03/24 07:00:00",0,,
"0-203-0-11792","T","2026/03/24 07:00:00",5.4,,
"0-203-0-11793","Fmax","2026/03/24 07:00:00",0.4,,
"0-203-0-11793","SRA1H","2026/03/24 07:00:00",0,,
"0-203-0-11793","T","2026/03/24 07:00:00",5.3,,
"0-203-0-11794","Fmax","2026/03/24 07:00:00",0.8,,
"0-203-0-11794","SRA1H","2026/03/24 07:00:00",0,,
"0-203-0-11794","T","2026/03/24 07:00:00",5.1,,
"0-203-0-11795","Fmax","2026/03/24 07:00:00",2,,
"0-203-0-11795","SRA1H","2026/03/24 07:00:00",0,,
"0-203-0-11795","T","2026/03/24 07:00:00",7.1,,
"0-203-0-11797","SRA1H","2026/03/24 07:00:00",0,,
"0-203-0-11797","T","2026/03/24 07:00:00",6.3,,
"0-203-0-11798","SRA1H","2026/03/24 07:00:00",0,,
"0-203-0-11798","T","2026/03/24 07:00:00",7.4,,
"0-203-0-20101095001","SRA1H","2026/03/24 07:00:00",0,,
"0-203-0-20101095001","T","2026/03/24 07:00:00",6.8,,
"0-203-0-20101156002","SRA1H","2026/03/24 07:00:00",0,,
"0-203-0-20101156002","T","2026/03/24 07:00:00",7.3,,
"0-203-0-20201004002","T","2026/03/24 06:10:00",1.2,,
"0-203-0-20201017001","SRA1H","2026/03/24 07:00:00",0,,
"0-203-0-20201031001","Fmax","2026/03/24 07:00:00",2.9,,
"0-203-0-20201031001","SRA1H","2026/03/24 07:00:00",0,,
"0-203-0-20201031001","T","2026/03/24 07:00:00",4.3,,
"0-203-0-20202006001","T","2026/03/24 06:10:00",3.8,,
"0-203-0-20202012001","T","2026/03/23 13:10:00",5.3,,
"0-203-0-20202026001","SRA1H","2026/03/24 07:00:00",0,,
"0-203-0-20202055001","SRA1H","2026/03/24 07:00:00",0,,
"0-203-0-20202055001","T","2026/03/24 07:00:00",4.9,,
"0-203-0-20301004002","T","2026/03/24 06:10:00",2.1,,
"0-203-0-20301006001","T","2026/03/24 06:10:00",4.3,,
"0-203-0-20301006002","T","2026/03/24 06:10:00",-0.4,,
"0-203-0-20301053301","Fmax","2026/03/24 07:00:00",2.2,,
"0-203-0-20301053301","SRA1H","2026/03/24 07:00:00",0,,
"0-203-0-20301053301","T","2026/03/24 07:00:00",6.8,,
"0-203-0-20302008201","SRA1H","2026/03/24 07:00:00",0,,
"0-203-0-20302008201","T","2026/03/24 07:00:00",8,,
"0-203-0-20303008001","SRA1H","2026/03/24 07:00:00",0,,
"0-203-0-20303008001","T","2026/03/24 07:00:00",5.1,,
"0-203-0-20303018003","SRA1H","2026/03/24 07:00:00",0,,
"0-203-0-20303018003","T","2026/03/24 07:00:00",7,,
"0-203-0-20303019001","T","2026/03/24 06:10:00",4.6,,
"0-203-0-20303032003","Fmax","2026/03/24 07:00:00",2.6,,
"0-203-0-20303032003","T","2026/03/24 07:00:00",5.1,,
"0-203-0-20401014001","SRA1H","2026/03/24 07:00:00",0,,
"0-203-0-20401014001","T","2026/03/24 07:00:00",9.5,,
"0-203-0-20402017001","Fmax","2026/03/24 07:00:00",1.2,,
"0-203-0-20402017001","SRA1H","2026/03/24 07:00:00",0,,
"0-203-0-20402017001","T","2026/03/24 07:00:00",8.2,,
"0-203-0-20402025002","SRA1H","2026/03/24 07:00:00",0,,
"0-203-0-20402025002","T","2026/03/24 07:00:00",8.8,,
"0-203-0-20403023001","SRA1H","2026/03/24 07:00:00",0,,
"0-203-0-20404027002","T","2026/03/23 20:30:00",2.4,,
"0-203-0-20404057002","SRA1H","2026/03/24 07:00:00",0,,
"0-203-0-20404057002","T","2026/03/24 07:00:00",5.2,,
"0-203-0-20404066002","SRA1H","2026/03/24 07:00:00",0,,
"0-203-0-20407004001","SRA1H","2026/03/24 07:00:00",0,,
"0-203-0-20407034001","SRA1H","2026/03/24 07:00:00",0,,
"0-203-0-20407036001","SRA1H","2026/03/24 07:00:00",0,,
"0-203-0-20410001101","Fmax","2026/03/24 07:00:00",1.8,,
"0-203-0-20410001101","SRA1H","2026/03/24 07:00:00",0,,
"0-203-0-20410001101","T","2026/03/24 07:00:00",-2,,
"0-203-0-20410008001","T","2026/03/24 06:10:00",0.6,,
"0-203-0-20410022001","SRA1H","2026/03/24 07:00:00",0,,
"0-203-0-40102021001","SRA1H","2026/03/24 07:00:00",0,,
"0-203-0-40201003001","SRA1H","2026/03/24 07:00:00",0,,
"0-203-0-40201003001","T","2026/03/24 07:00:00",4.7,,
"0-203-0-40201004001","SRA1H","2026/03/24 07:00:00",0,,
"0-203-0-40202023201","SRA1H","2026/03/24 07:00:00",0,,
"0-203-0-41001001001","Fmax","2026/03/24 07:00:00",3.3,,
"0-203-0-41001001001","SRA1H","2026/03/24 07:00:00",0,,
"0-203-0-41001001001","T","2026/03/24 07:00:00",4.4,,
"0-203-0-41001017002","T","2026/03/24 06:10:00",4.6,,
"0-203-0-41001034001","SRA1H","2026/03/24 07:00:00",0,,
"0-203-0-41001042001","SRA1H","2026/03/24 07:00:00",0,,
"0-203-0-41001042001","T","2026/03/24 07:00:00",1.7,,
"0-203-0-41001061001","SRA1H","2026/03/24 07:00:00",0,,
"0-203-0-41001078001","SRA1H","2026/03/24 07:00:00",0,,
"0-203-0-41002010001","SRA1H","2026/03/24 07:00:00",0,,
"0-203-0-41002010001","T","2026/03/24 07:00:00",2.8,,
"0-203-0-41002036001","SRA1H","2026/03/24 07:00:00",0,,
"0-203-0-41002039001","SRA1H","2026/03/24 07:00:00",0,,
"0-203-0-41002039001","T","2026/03/24 07:00:00",0.9,,
"0-203-0-41002041001","SRA1H","2026/03/24 07:00:00",0,,
"0-203-0-41003026002","SRA1H","2026/03/24 07:00:00",0,,
"0-203-0-41003077001","Fmax","2026/03/24 07:00:00",1.7,,
"0-203-0-41003077001","SRA1H","2026/03/24 07:00:00",0,,
"0-203-0-41003077001","T","2026/03/24 07:00:00",5.4,,
"0-203-0-41101014001","SRA1H","2026/03/24 07:00:00",0,,
"0-203-0-41101014001","T","2026/03/24 07:00:00",2.4,,
"0-203-0-41101024001","T","2026/03/24 06:10:00",4.8,,
"0-203-0-41101042002","Fmax","2026/03/24 07:00:00",0.6,,
"0-203-0-41101042002","SRA1H","2026/03/24 07:00:00",0,,
"0-203-0-41101042002","T","2026/03/24 07:00:00",5.8,,
"0-203-0-41101075001","Fmax","2026/03/24 07:00:00",1.4,,
"0-203-0-41101075001","SRA1H","2026/03/24 07:00:00",0,,
"0-203-0-41101075001","T","2026/03/24 07:00:00",8.9,,
"0-203-0-41101078002","T","2026/03/24 06:10:00",6.9,,
"0-203-0-41101084001","SRA1H","2026/03/24 07:00:00",0,,
"0-203-0-41101095001","T","2026/03/24 06:10:00",4,,
"0-203-0-41102037001","SRA1H","2026/03/24 07:00:00",0,,
"0-203-0-41102037001","T","2026/03/24 07:00:00",8.7,,
"0-203-0-41202048001","SRA1H","2026/03/24 07:00:00",0,,
"0-203-0-41202062001","SRA1H","2026/03/24 07:00:00",0,,
"0-203-0-41202086001","SRA1H","2026/03/24 07:00:00",0,,
"0-203-0-41301088002","SRA1H","2026/03/24 07:00:00",0,,
"0-203-0-41301088002","T","2026/03/24 07:00:00",6.8,,
"0-203-0-41301102001","SRA1H","2026/03/24 07:00:00",0,,
"0-203-0-41302005002","SRA1H","2026/03/24 07:00:00",0,,
"0-203-0-41401050001","SRA1H","2026/03/24 07:00:00",0,,
"0-203-0-41402044002","SRA1H","2026/03/24 07:00:00",0,,
"0-203-0-41402080001","SRA1H","2026/03/24 07:00:00",0,,
"0-203-0-41403014001","SRA1H","2026/03/24 07:00:00",0,,
"0-203-0-41403039001","SRA1H","2026/03/24 07:00:00",0,,
"0-203-0-41501010001","SRA1H","2026/03/24 07:00:00",0,,
"0-203-0-41501024001","SRA1H","2026/03/24 07:00:00",0,,
"0-203-0-41501048001","SRA1H","2026/03/24 07:00:00",0,,
"0-203-0-41501076001","SRA1H","2026/03/24 07:00:00",0,,
"0-203-0-41501135001","SRA1H","2026/03/24 07:00:00",0,,
"0-203-0-41502003002","SRA1H","2026/03/24 07:00:00",0,,
"0-203-0-41502057001","SRA1H","2026/03/24 07:00:00",0,,
"0-203-0-41503035001","Fmax","2026/03/24 07:00:00",1.3,,
"0-203-0-41503035001","SRA1H","2026/03/24 07:00:00",0,,
"0-203-0-41503035001","T","2026/03/24 07:00:00",8,,
"0-203-0-41503067001","SRA1H","2026/03/24 07:00:00",0,,
"0-203-0-41601022101","SRA1H","2026/03/24 07:00:00",0,,
"0-203-0-41601049001","SRA1H","2026/03/24 07:00:00",0,,
"0-203-0-41601049001","T","2026/03/24 07:00:00",1.6,,
"0-203-0-41601054001","SRA1H","2026/03/24 07:00:00",0,,
"0-203-0-41601072001","SRA1H","2026/03/24 07:00:00",0,,
"0-203-0-41601082001","SRA1H","2026/03/24 07:00:00",0,,
"0-203-0-41602014001","SRA1H","2026/03/24 07:00:00",0,,
"0-203-0-41701013001","SRA1H","2026/03/24 07:00:00",0,,
"0-203-0-41701013001","T","2026/03/24 07:00:00",9.7,,
"0-203-0-41701068003","SRA1H","2026/03/24 07:00:00",0,,
"0-203-0-42106052001","SRA1H","2026/03/24 07:00:00",0,,
"0-203-0-42108066001","SRA1H","2026/03/24 07:00:00",0,,
