"run_datetime_local","source","element","value_date","bin_no","bin_left","bin_right","count"
"2026-10-03 19:16:50 CEST","RECENT","Fmax","2026-10-02",1,2.7,4.45,52
"2026-10-03 19:16:50 CEST","RECENT","Fmax","2026-10-02",2,4.45,6.2,61
"2026-10-03 19:16:50 CEST","RECENT","Fmax","2026-10-02",3,6.2,7.95,41
"2026-10-03 19:16:50 CEST","RECENT","Fmax","2026-10-02",4,7.95,9.7,35
"2026-10-03 19:16:50 CEST","RECENT","Fmax","2026-10-02",5,9.7,11.45,9
"2026-10-03 19:16:50 CEST","RECENT","Fmax","2026-10-02",6,11.45,13.2,4
"2026-10-03 19:16:50 CEST","RECENT","Fmax","2026-10-02",7,13.2,14.95,3
"2026-10-03 19:16:50 CEST","RECENT","Fmax","2026-10-02",8,14.95,16.7,0
"2026-10-03 19:16:50 CEST","RECENT","Fmax","2026-10-02",9,16.7,18.45,1
"2026-10-03 19:16:50 CEST","RECENT","Fmax","2026-10-02",10,18.45,20.2,1
"2026-10-03 19:16:50 CEST","RECENT","SRA","2026-10-01",1,0,0.01,439
"2026-10-03 19:16:50 CEST","RECENT","SRA","2026-10-01",2,0.01,0.02,0
"2026-10-03 19:16:50 CEST","RECENT","SRA","2026-10-01",3,0.02,0.03,0
"2026-10-03 19:16:50 CEST","RECENT","SRA","2026-10-01",4,0.03,0.04,0
"2026-10-03 19:16:50 CEST","RECENT","SRA","2026-10-01",5,0.04,0.05,0
"2026-10-03 19:16:50 CEST","RECENT","SRA","2026-10-01",6,0.05,0.06,0
"2026-10-03 19:16:50 CEST","RECENT","SRA","2026-10-01",7,0.06,0.07,0
"2026-10-03 19:16:50 CEST","RECENT","SRA","2026-10-01",8,0.07,0.08,0
"2026-10-03 19:16:50 CEST","RECENT","SRA","2026-10-01",9,0.08,0.09,0
"2026-10-03 19:16:50 CEST","RECENT","SRA","2026-10-01",10,0.09,0.1,1
"2026-10-03 19:16:50 CEST","RECENT","T","2026-10-02",1,6.6,7.66,4
"2026-10-03 19:16:50 CEST","RECENT","T","2026-10-02",2,7.66,8.719999999999999,3
"2026-10-03 19:16:50 CEST","RECENT","T","2026-10-02",3,8.719999999999999,9.78,17
"2026-10-03 19:16:50 CEST","RECENT","T","2026-10-02",4,9.78,10.84,21
"2026-10-03 19:16:50 CEST","RECENT","T","2026-10-02",5,10.84,11.9,46
"2026-10-03 19:16:50 CEST","RECENT","T","2026-10-02",6,11.9,12.96,62
"2026-10-03 19:16:50 CEST","RECENT","T","2026-10-02",7,12.96,14.02,69
"2026-10-03 19:16:50 CEST","RECENT","T","2026-10-02",8,14.02,15.08,40
"2026-10-03 19:16:50 CEST","RECENT","T","2026-10-02",9,15.08,16.14,18
"2026-10-03 19:16:50 CEST","RECENT","T","2026-10-02",10,16.14,17.2,7
