"run_datetime_local","source","element","value_datetime_utc","bin_no","bin_left","bin_right","count"
"2026-10-10 01:59:31 CEST","NOW","Fmax","2026-10-09 23:50:00 UTC",1,0,1.92,20
"2026-10-10 01:59:31 CEST","NOW","Fmax","2026-10-09 23:50:00 UTC",2,1.92,3.84,42
"2026-10-10 01:59:31 CEST","NOW","Fmax","2026-10-09 23:50:00 UTC",3,3.84,5.76,50
"2026-10-10 01:59:31 CEST","NOW","Fmax","2026-10-09 23:50:00 UTC",4,5.76,7.68,34
"2026-10-10 01:59:31 CEST","NOW","Fmax","2026-10-09 23:50:00 UTC",5,7.68,9.6,28
"2026-10-10 01:59:31 CEST","NOW","Fmax","2026-10-09 23:50:00 UTC",6,9.6,11.52,20
"2026-10-10 01:59:31 CEST","NOW","Fmax","2026-10-09 23:50:00 UTC",7,11.52,13.44,5
"2026-10-10 01:59:31 CEST","NOW","Fmax","2026-10-09 23:50:00 UTC",8,13.44,15.36,4
"2026-10-10 01:59:31 CEST","NOW","Fmax","2026-10-09 23:50:00 UTC",9,15.36,17.28,2
"2026-10-10 01:59:31 CEST","NOW","Fmax","2026-10-09 23:50:00 UTC",10,17.28,19.2,2
"2026-10-10 01:59:31 CEST","NOW","SRA1H","2026-10-09 23:00:00 UTC",1,0,0.27,363
"2026-10-10 01:59:31 CEST","NOW","SRA1H","2026-10-09 23:00:00 UTC",2,0.27,0.54,24
"2026-10-10 01:59:31 CEST","NOW","SRA1H","2026-10-09 23:00:00 UTC",3,0.54,0.81,18
"2026-10-10 01:59:31 CEST","NOW","SRA1H","2026-10-09 23:00:00 UTC",4,0.81,1.08,8
"2026-10-10 01:59:31 CEST","NOW","SRA1H","2026-10-09 23:00:00 UTC",5,1.08,1.35,13
"2026-10-10 01:59:31 CEST","NOW","SRA1H","2026-10-09 23:00:00 UTC",6,1.35,1.62,3
"2026-10-10 01:59:31 CEST","NOW","SRA1H","2026-10-09 23:00:00 UTC",7,1.62,1.8900000000000001,1
"2026-10-10 01:59:31 CEST","NOW","SRA1H","2026-10-09 23:00:00 UTC",8,1.8900000000000001,2.16,1
"2026-10-10 01:59:31 CEST","NOW","SRA1H","2026-10-09 23:00:00 UTC",9,2.16,2.43,0
"2026-10-10 01:59:31 CEST","NOW","SRA1H","2026-10-09 23:00:00 UTC",10,2.43,2.7,1
"2026-10-10 01:59:31 CEST","NOW","T","2026-10-09 23:50:00 UTC",1,2,3.17,7
"2026-10-10 01:59:31 CEST","NOW","T","2026-10-09 23:50:00 UTC",2,3.17,4.34,5
"2026-10-10 01:59:31 CEST","NOW","T","2026-10-09 23:50:00 UTC",3,4.34,5.51,8
"2026-10-10 01:59:31 CEST","NOW","T","2026-10-09 23:50:00 UTC",4,5.51,6.68,24
"2026-10-10 01:59:31 CEST","NOW","T","2026-10-09 23:50:00 UTC",5,6.68,7.85,25
"2026-10-10 01:59:31 CEST","NOW","T","2026-10-09 23:50:00 UTC",6,7.85,9.02,32
"2026-10-10 01:59:31 CEST","NOW","T","2026-10-09 23:50:00 UTC",7,9.02,10.19,58
"2026-10-10 01:59:31 CEST","NOW","T","2026-10-09 23:50:00 UTC",8,10.19,11.36,76
"2026-10-10 01:59:31 CEST","NOW","T","2026-10-09 23:50:00 UTC",9,11.36,12.53,47
"2026-10-10 01:59:31 CEST","NOW","T","2026-10-09 23:50:00 UTC",10,12.53,13.7,9
