"ELEMENT","EXTREME","RANK","STATION","GH_ID","NAME","ELEVATION","DT","VAL"
"Fmax","MAX",1,"0-20000-0-11653","H7SNEZ01","Sněžka, Poštovna",1602,"2026/10/10 04:50:00",39.2
"Fmax","MAX",2,"0-20000-0-11653","H7SNEZ01","Sněžka, Poštovna",1602,"2026/10/10 05:00:00",35.8
"Fmax","MAX",3,"0-20000-0-11653","H7SNEZ01","Sněžka, Poštovna",1602,"2026/10/10 04:00:00",35
"Fmax","MIN",1,"0-203-0-11468","U1ZATE01","Žatec",210,"2026/10/10 08:10:00",0
"Fmax","MIN",2,"0-203-0-11468","U1ZATE01","Žatec",210,"2026/10/10 08:00:00",0
"Fmax","MIN",3,"0-203-0-11491","C1STRA01","Strakonice, Nové Strakonice",404,"2026/10/10 07:50:00",0
"SRA1H","MAX",1,"0-203-0-11301046001","L3LUBY01","Luby",524,"2026/10/10 07:00:00",10.8
"SRA1H","MAX",2,"0-20000-0-11423","L2PRIM01","Přimda",742.76,"2026/10/10 10:00:00",3.1
"SRA1H","MAX",3,"0-203-0-11606","P2HARR01","Harrachov",675,"2026/10/10 07:00:00",3.1
"SRA1H","MIN",1,"0-20000-0-11406","L3CHEB01","Cheb",483,"2026/10/10 10:00:00",0
"SRA1H","MIN",2,"0-20000-0-11433","U1KOPI01","Kopisty",240,"2026/10/10 10:00:00",0
"SRA1H","MIN",3,"0-20000-0-11438","U1KATU01","Tušimice",321.71,"2026/10/10 10:00:00",0
"T","MAX",1,"0-203-0-11784","O1LUCI01","Lučina",300,"2026/10/10 09:50:00",19.1
"T","MAX",2,"0-203-0-11784","O1LUCI01","Lučina",300,"2026/10/10 09:40:00",18.9
"T","MAX",3,"0-203-0-11784","O1LUCI01","Lučina",300,"2026/10/10 09:30:00",18.4
"T","MIN",1,"0-203-0-11735","O1PRAD01","Praděd",1490,"2026/10/10 00:00:00",2.5
"T","MIN",2,"0-203-0-11735","O1PRAD01","Praděd",1490,"2026/10/10 00:10:00",2.6
"T","MIN",3,"0-203-0-11735","O1PRAD01","Praděd",1490,"2026/10/10 01:00:00",2.7
"TMA","MAX",1,"0-203-0-11784","O1LUCI01","Lučina",300,"2026/10/10 09:50:00",19.1
"TMA","MAX",2,"0-203-0-11784","O1LUCI01","Lučina",300,"2026/10/10 09:40:00",19.1
"TMA","MAX",3,"0-203-0-11784","O1LUCI01","Lučina",300,"2026/10/10 09:30:00",18.4
"TMA","MIN",1,"0-203-0-11735","O1PRAD01","Praděd",1490,"2026/10/10 00:10:00",2.6
"TMA","MIN",2,"0-203-0-11735","O1PRAD01","Praděd",1490,"2026/10/10 00:00:00",2.6
"TMA","MIN",3,"0-203-0-11735","O1PRAD01","Praděd",1490,"2026/10/10 01:00:00",2.7
"TMI","MAX",1,"0-203-0-11784","O1LUCI01","Lučina",300,"2026/10/10 09:50:00",18.9
"TMI","MAX",2,"0-203-0-11784","O1LUCI01","Lučina",300,"2026/10/10 09:40:00",18.4
"TMI","MAX",3,"0-203-0-11727","B2LEDN01","Lednice",177,"2026/10/10 09:50:00",17.2
"TMI","MIN",1,"0-20000-0-11653","H7SNEZ01","Sněžka, Poštovna",1602,"2026/10/10 00:00:00",2.3
"TMI","MIN",2,"0-203-0-11735","O1PRAD01","Praděd",1490,"2026/10/10 00:00:00",2.5
"TMI","MIN",3,"0-203-0-11633","H1LUCB01","Luční bouda",1413,"2026/10/10 00:10:00",2.6
