"RECORD_DATE","ELEMENT","VTYPE","EXTREME","RANK","STATION","GH_ID","NAME","ELEVATION","VAL"
"2026-10-05","Fmax","00:00","MAX",1,"0-20000-0-11653","H7SNEZ01","Sněžka, Poštovna",1602,8.7
"2026-10-05","Fmax","00:00","MAX",2,"0-203-0-11716","B1PROT01","Protivanov",675,8.5
"2026-10-05","Fmax","00:00","MAX",3,"0-20000-0-11782","O1MOSN01","Mošnov",252.8,8.1
"2026-10-05","Fmax","00:00","MIN",1,"0-203-0-11617","H3PODE01","Poděbrady",189,2.4
"2026-10-05","Fmax","00:00","MIN",2,"0-203-0-11621","H3RADO01","Radovesnice II.",227,2.8
"2026-10-05","Fmax","00:00","MIN",3,"0-203-0-11503","U1ULMA01","Ústí nad Labem, Vaňov",150,2.9
"2026-10-04","SRA","06:00","MAX",1,"0-203-0-10103004001","H1TEPZ01","Teplice nad Metují Zdoňov",531,0.2
"2026-10-04","SRA","06:00","MAX",2,"0-203-0-11202078001","P1SLAN01","Slaný",307,0.2
"2026-10-04","SRA","06:00","MAX",3,"0-203-0-41002039001","O2STIT01","Štíty",432,0.2
"2026-10-04","SRA","06:00","MIN",1,"0-20000-0-11406","L3CHEB01","Cheb",483,0
"2026-10-04","SRA","06:00","MIN",2,"0-20000-0-11414","L3KVAL01","Karlovy Vary, Olšová Vrata",603,0
"2026-10-04","SRA","06:00","MIN",3,"0-20000-0-11423","L2PRIM01","Přimda",742.76,0
"2026-10-05","T","AVG","MAX",1,"0-20000-0-11538","C1TEME01","Temelín",500,15.4
"2026-10-05","T","AVG","MAX",2,"0-20000-0-11723","B2BTUR01","Brno, Tuřany",241,15.2
"2026-10-05","T","AVG","MAX",3,"0-20000-0-11698","B2KUCH01","Kuchařovice",334,15.1
"2026-10-05","T","AVG","MIN",1,"0-203-0-10801007001","C4ROKY01","Rokytská slať",1098,4
"2026-10-05","T","AVG","MIN",2,"0-203-0-11494","C1HKVI01","Horská Kvilda",1052,4.3
"2026-10-05","T","AVG","MIN",3,"0-203-0-11559","P2KORE01","Kořenov, Jizerka",858,4.7
"2026-10-05","TMA","20:00","MAX",1,"0-203-0-41001042001","O2HANU01","Hanušovice",432,23.7
"2026-10-05","TMA","20:00","MAX",2,"0-20000-0-11723","B2BTUR01","Brno, Tuřany",241,23.3
"2026-10-05","TMA","20:00","MAX",3,"0-20000-0-11546","C2CBUD01","České Budějovice,Rožnov",394.6,22.9
"2026-10-05","TMA","20:00","MIN",1,"0-203-0-11735","O1PRAD01","Praděd",1490,11.7
"2026-10-05","TMA","20:00","MIN",2,"0-20000-0-11653","H7SNEZ01","Sněžka, Poštovna",1602,11.8
"2026-10-05","TMA","20:00","MIN",3,"0-203-0-11633","H1LUCB01","Luční bouda",1413,12.1
"2026-10-05","TMI","20:00","MAX",1,"0-203-0-41101024001","O4KOHU01","Nový Hrozenkov, Kohútka",868,12.3
"2026-10-05","TMI","20:00","MAX",2,"0-203-0-41701013001","B2ZDAN01","Ždánice",238,11.3
"2026-10-05","TMI","20:00","MAX",3,"0-20000-0-11693","B2DUKO01","Dukovany",400.15,10.9
"2026-10-05","TMI","20:00","MIN",1,"0-203-0-11494","C1HKVI01","Horská Kvilda",1052,-2.3
"2026-10-05","TMI","20:00","MIN",2,"0-203-0-11559","P2KORE01","Kořenov, Jizerka",858,-0.6
"2026-10-05","TMI","20:00","MIN",3,"0-203-0-10601011001","C1BLAD01","Borová Lada",898,-0.4
